,IC_mean,IC_std,IC_IR,IC_positive_ratio,factor_direction
Factor2,0.10368350671294228,0.09603330870069626,17.139101684594095,0.9032258064516129,-1
Factor4,0.06522841624911695,0.07259878958859471,14.262896292437368,0.8666666666666667,-1
Factor3,0.06583698182658923,0.08979230229682843,11.639412947119853,0.7391304347826086,-1
Factor1,0.06827299936841907,0.10967891255413331,9.881573771083099,0.775,-1
